date,time_UTC,lat,lon,source_rate_t/h,uncertainty_t/h,source_type,source_country,id
20240726,07:34:38,54.65,85.79,40,15,Coal,Russian Federation,
20240726,09:10:59,36.44,61.7,20,8,Oil,Turkmenistan,
20240726,17:18:55,-34.58,-58.77,128,40,Landfill,Argentina,
20240727,07:15:26,54.02,87.65,33,24,Coal,Russian Federation,
20240727,07:15:38,54.34,86.14,73,33,Coal,Russian Federation,
20240727,12:12:38,28.54,20.9,13,4,Oil,Libya,
20240727,19:01:51,40.0,-80.49,33,15,Coal,United States,
20240728,08:34:14,41.02,69.47,47,18,Gas,Uzbekistan,
20240728,18:42:53,39.83,-80.21,38,24,Coal,United States,
20240729,06:41:43,67.1,76.5,38,13,Oil,Russian Federation,
20240729,18:02:40,-34.67,-58.41,41,13,Landfill,Argentina,
20240730,06:19:10,54.09,87.25,38,15,Coal,Russian Federation,
20240730,19:44:21,31.86,-101.82,43,18,Oil,United States,
20240731,09:17:23,36.95,61.76,39,14,Gas,Turkmenistan,
20240801,07:19:26,45.72,85.24,28,10,Oil,China,
20240801,07:25:22,65.99,75.84,61,21,Gas,Russian Federation,
20240801,08:58:12,35.83,62.01,67,26,Oil,Turkmenistan,
20240801,08:58:32,36.95,62.51,58,27,Gas,Turkmenistan,
20240801,12:20:33,31.77,5.92,23,10,Gas,Algeria,
20240802,07:03:12,54.68,83.6,5,2,Landfill,Russian Federation,
20240802,12:00:06,28.79,20.88,21,8,Oil,Libya,
20240802,20:28:13,31.46,-101.8,37,14,Oil,United States,
20240802,20:28:27,32.24,-102.27,61,32,Oil,United States,
20240803,06:44:18,54.58,85.62,31,15,Landfill,Russian Federation,
20240803,08:21:24,37.58,61.81,63,22,Gas,Turkmenistan,
20240803,10:00:13,31.08,49.5,33,11,Oil,Iran,
20240803,11:25:50,-26.62,29.73,35,17,Coal,South Africa,
20240803,11:26:02,-26.13,29.27,42,19,Coal,South Africa,
20240804,08:03:10,41.75,69.1,45,16,Gas,Kazakhstan,
20240804,11:09:39,-16.13,33.77,19,9,Coal,Mozambique,
20240804,19:52:23,39.23,-96.78,35,12,Gas,United States,
20240805,06:00:42,36.67,109.71,22,7,Coal,China,
20240805,06:00:53,37.46,110.8,26,17,Coal,China,
20240805,09:23:53,37.41,61.16,51,19,Oil,Turkmenistan,
20240805,09:24:15,37.99,53.83,53,17,Oil,Turkmenistan,
20240805,09:24:26,38.48,54.18,102,44,Oil,Turkmenistan,
20240805,09:24:39,39.48,53.68,91,29,Oil,Turkmenistan,
20240806,12:09:35,-26.54,29.27,18,12,Coal,South Africa,
20240806,19:13:42,35.4,-96.31,5,2,Gas,United States,
20240807,07:13:45,67.45,63.7,17,8,Coal,Russian Federation,
20240807,08:46:02,36.63,61.43,62,22,Oil,Turkmenistan,
20240807,08:46:36,39.67,63.05,42,17,Gas,Uzbekistan,
20240807,08:47:03,40.15,60.24,28,10,Gas,Turkmenistan,
20240807,11:50:47,-26.61,29.25,34,12,Coal,South Africa,
20240808,06:55:02,67.35,63.76,18,7,Coal,Russian Federation,
20240808,20:15:32,31.21,-103.31,60,25,Oil,United States,
20240809,11:15:50,-16.22,33.76,17,13,Coal,Mozambique,
20240810,09:30:43,38.66,54.25,84,37,Oil,Turkmenistan,
20240810,09:31:00,39.56,53.19,123,57,Oil,Turkmenistan,
20240810,09:31:24,41.89,59.72,53,25,Gas,Turkmenistan,
20240811,09:11:13,37.53,62.02,33,15,Landfill,Turkmenistan,
20240811,09:12:07,40.89,62.14,55,18,Gas,Uzbekistan,
20240812,10:38:35,50.25,18.81,31,15,Coal,Poland,
20240812,11:57:01,-26.54,29.24,23,11,Coal,South Africa,
20240812,12:17:29,45.08,8.85,18,6,Landfill,Italy,
20240812,12:18:43,50.19,18.85,31,15,Coal,Poland,
20240813,03:34:30,54.14,124.35,26,13,Landfill,Russian Federation,
20240813,06:56:46,51.84,75.51,31,13,Coal,Kazakhstan,
20240813,10:12:43,31.13,49.4,97,35,Oil,Iran,
20240813,11:59:43,50.22,18.71,24,8,Coal,Poland,
20240814,06:37:28,53.75,91.03,18,7,Coal,Russian Federation,
20240814,09:53:43,30.63,49.78,84,28,Oil,Iran,
20240814,11:22:04,-16.11,33.68,11,4,Coal,Mozambique,
20240815,06:19:03,54.33,86.71,182,88,Coal,Russian Federation,
20240815,09:37:06,39.4,53.62,126,42,Oil,Turkmenistan,
20240816,09:18:02,39.79,65.88,48,16,Gas,Uzbekistan,
20240816,17:27:23,-23.54,-46.85,28,9,Landfill,Brazil,
20240817,12:03:12,-26.56,29.24,26,9,Coal,South Africa,
20240818,08:40:49,38.58,54.09,57,18,Oil,Turkmenistan,
20240818,10:20:24,35.29,40.37,26,11,Landfill,Syria,
20240818,10:24:13,48.5,36.21,16,8,Gas,Ukraine,
20240818,10:24:31,49.61,36.55,10,3,Gas,Ukraine,
20240818,11:59:54,28.86,20.98,50,16,Oil,Libya,
20240818,16:49:45,-23.46,-46.73,17,7,Landfill,Brazil,
20240819,08:21:25,37.53,60.51,62,19,Gas,Turkmenistan,
20240819,10:01:46,37.76,53.84,95,42,Oil,Turkmenistan,
20240819,10:04:22,45.45,40.78,83,29,Landfill,Russian Federation,
20240819,10:05:09,47.9,38.76,31,10,Gas,Ukraine,
20240819,10:05:46,50.66,39.69,23,13,Gas,Russian Federation,
20240819,10:05:47,49.46,36.25,15,7,Gas,Ukraine,
20240819,20:10:59,38.36,-95.59,60,24,Gas,United States,
20240820,04:41:31,48.92,135.35,58,30,Gas,Russian Federation,
20240820,09:42:33,36.71,61.43,102,35,Oil,Turkmenistan,
20240820,09:42:59,38.7,54.23,208,100,Oil,Turkmenistan,
20240820,09:44:31,43.92,58.81,49,20,Gas,Uzbekistan,
20240820,09:49:30,57.34,29.6,53,26,Landfill,Russian Federation,
20240820,13:05:27,35.79,-0.12,35,15,Landfill,Algeria,
20240820,13:06:49,40.18,-3.72,3,2,Landfill,Spain,
20240820,16:12:17,-23.67,-46.51,38,13,Landfill,Brazil,
20240820,19:50:30,32.52,-101.51,61,27,Oil,United States,
20240821,06:00:20,36.36,112.99,35,14,Coal,China,
20240821,07:44:26,45.47,85.11,17,6,Oil,China,
20240821,09:23:35,37.18,61.38,28,14,Oil,Turkmenistan,
20240821,09:23:46,37.91,62.51,91,28,Gas,Turkmenistan,
20240821,09:24:03,38.08,54.01,80,45,Oil,Turkmenistan,
20240821,09:24:22,39.55,57.73,6,2,Oil,Turkmenistan,
20240821,09:24:48,39.82,49.32,44,16,Oil,Azerbaijan,
20240821,09:24:49,40.59,52.81,150,49,Gas,Turkmenistan,
20240821,09:29:03,54.27,42.6,79,26,Gas,Russian Federation,
20240821,12:48:55,45.43,9.46,31,17,Gas,Italy,
20240821,19:30:44,29.71,-97.11,4,2,Oil,United States,
20240822,03:43:14,-23.04,148.5,9,5,Coal,Australia,
20240822,03:43:38,-21.96,148.02,19,8,Coal,Australia,
20240822,03:43:45,-21.45,148.2,21,8,Coal,Australia,
20240822,05:41:23,36.33,112.92,29,13,Coal,China,
20240822,05:41:46,37.87,114.94,42,31,Landfill,China,
20240822,07:25:25,45.28,85.04,15,6,Oil,China,
20240822,09:04:54,37.66,60.84,41,14,Oil,Turkmenistan,
20240822,09:05:20,37.89,53.94,119,53,Oil,Turkmenistan,
20240822,09:05:48,39.39,53.69,105,39,Oil,Turkmenistan,
20240822,09:06:59,44.78,56.2,25,9,Gas,Uzbekistan,
20240822,12:09:24,-26.48,29.29,19,7,Coal,South Africa,
20240823,03:25:02,-21.96,147.55,36,13,Coal,Australia,
20240823,05:22:54,37.14,112.05,28,13,Coal,China,
20240823,07:08:56,54.21,87.17,70,37,Coal,Russian Federation,
20240823,08:45:58,37.96,63.32,40,13,Oil,Turkmenistan,
20240823,08:46:10,38.73,61.48,48,15,Gas,Turkmenistan,
20240823,08:46:36,41.29,69.29,97,49,Gas,Uzbekistan,
20240823,08:46:39,40.15,62.58,53,20,Gas,Uzbekistan,
20240823,08:46:42,40.02,60.33,14,8,Gas,Turkmenistan,
20240823,10:25:01,30.38,47.66,9,4,Oil,Iraq,
20240823,10:26:52,36.17,41.0,5,4,Oil,Syria,
20240823,12:11:08,45.2,8.89,14,6,Gas,Italy,
20240823,18:55:10,39.71,-80.58,32,19,Coal,United States,
20240824,06:42:27,27.21,95.11,15,5,Oil,India,
20240824,08:27:06,37.74,63.28,54,19,Oil,Turkmenistan,
20240824,08:27:22,39.07,65.26,42,13,Gas,Uzbekistan,
20240824,08:27:30,38.33,61.71,75,28,Gas,Turkmenistan,
20240824,10:08:16,38.43,54.59,113,42,Oil,Turkmenistan,
20240824,18:35:07,33.37,-87.79,16,11,Coal,United States,
20240824,18:36:13,39.65,-80.05,46,23,Coal,United States,
20240825,18:16:38,37.52,-78.08,3,2,Gas,United States,
20240825,19:56:44,32.71,-101.95,56,20,Oil,United States,
20240826,09:29:33,36.19,61.62,42,14,Oil,Turkmenistan,
20240826,09:30:14,38.17,54.37,53,31,Oil,Turkmenistan,
20240826,09:37:01,62.17,49.64,64,32,Gas,Russian Federation,
20240826,11:14:51,48.89,24.51,28,9,Gas,Ukraine,
20240826,17:37:08,-35.14,-58.92,89,30,Landfill,Argentina,
20240827,05:47:36,36.39,112.82,24,10,Coal,China,
20240827,05:48:34,40.1,113.51,22,7,Coal,China,
20240827,09:10:37,36.36,61.51,28,9,Oil,Turkmenistan,
20240827,09:12:46,43.9,58.16,39,13,Gas,Uzbekistan,
20240827,10:51:00,30.74,29.5,48,18,Unclassified,Egypt,
20240827,17:18:34,-34.38,-58.58,73,26,Landfill,Argentina,
20240828,05:28:30,35.42,112.5,38,25,Coal,China,
20240828,05:29:03,37.19,112.17,55,19,Coal,China,
20240828,05:29:09,37.37,110.78,22,9,Coal,China,
20240828,08:53:04,40.73,59.18,63,20,Gas,Turkmenistan,
20240828,11:59:05,-18.46,26.46,8,4,Coal,Zimbabwe,
20240828,13:55:10,33.29,-7.3,23,10,Landfill,Morocco,
20240828,17:01:58,-23.65,-46.5,24,9,Landfill,Brazil,
20240828,20:42:35,36.65,-119.76,39,16,Landfill,United States,
20240829,05:10:26,38.0,113.3,127,46,Coal,China,
20240829,05:10:52,39.75,113.16,23,10,Coal,China,
20240829,08:33:45,40.82,69.32,52,36,Gas,Uzbekistan,
20240829,08:35:08,43.0,57.69,62,20,Gas,Uzbekistan,
20240829,08:35:48,44.62,55.4,57,20,Gas,Kazakhstan,
20240829,16:43:11,-23.66,-46.45,17,5,Landfill,Brazil,
20240829,18:21:10,-34.09,-58.96,90,30,Landfill,Argentina,
20240830,04:33:37,-21.84,148.26,28,11,Coal,Australia,
20240830,08:14:41,38.7,65.85,22,10,Gas,Uzbekistan,
20240830,09:55:20,37.72,53.93,83,38,Oil,Turkmenistan,
20240830,09:58:50,49.82,45.2,163,55,Gas,Russian Federation,
20240830,09:59:13,50.67,41.75,149,49,Gas,Russian Federation,
20240830,11:40:31,50.26,18.67,31,11,Coal,Poland,
20240830,16:24:34,-23.4,-46.91,6,3,Landfill,Brazil,
20240831,04:14:42,-21.82,148.36,14,6,Coal,Australia,
20240831,09:36:08,37.71,61.99,118,44,Landfill,Turkmenistan,
20240831,09:36:19,37.93,53.93,70,36,Oil,Turkmenistan,
20240831,09:36:27,38.39,54.36,136,50,Oil,Turkmenistan,
20240901,03:55:51,-21.84,148.37,19,8,Coal,Australia,
20240901,03:55:58,-21.5,148.5,12,7,Coal,Australia,
20240901,09:17:32,37.87,53.81,57,20,Oil,Turkmenistan,
20240901,09:19:37,46.27,58.56,122,38,Oil,Kazakhstan,
20240902,03:37:07,-21.75,148.41,17,6,Coal,Australia,
20240902,12:02:52,-26.51,29.14,10,4,Coal,South Africa,
20240903,05:17:06,41.45,122.32,27,18,Oil,China,
20240903,18:49:53,44.15,-84.44,21,10,Oil,United States,
20240904,04:56:39,35.22,119.13,60,22,Landfill,China,
20240904,08:20:23,37.5,66.39,42,23,Gas,Turkmenistan,
20240904,08:20:51,37.71,61.69,112,36,Gas,Turkmenistan,
20240904,08:20:56,39.31,65.25,9,3,Gas,Uzbekistan,
20240904,10:00:51,35.54,51.22,69,29,Gas,Iran,
20240904,10:01:38,38.16,54.2,184,87,Oil,Turkmenistan,
20240904,10:01:55,39.38,53.6,235,77,Oil,Turkmenistan,
20240904,10:07:48,59.67,41.8,22,11,Gas,Russian Federation,
20240904,11:25:31,-26.2,27.91,29,10,Landfill,South Africa,
20240904,18:29:48,40.05,-80.41,39,19,Coal,United States,
20240904,18:30:18,39.63,-91.26,29,12,Landfill,United States,
20240904,18:30:20,41.7,-83.88,9,4,Gas,United States,
20240905,08:02:26,39.32,65.32,15,5,Gas,Uzbekistan,
20240905,09:42:22,37.57,61.62,53,21,Gas,Turkmenistan,
20240905,09:46:08,49.6,44.6,37,12,Gas,Russian Federation,
20240905,09:46:36,51.86,47.59,118,41,Landfill,Russian Federation,
20240905,09:47:39,55.59,46.86,12,5,Gas,Russian Federation,
20240905,09:47:56,55.38,39.74,40,15,Landfill,Russian Federation,
20240905,09:49:10,61.11,46.52,15,9,Gas,Russian Federation,
20240905,09:49:13,59.85,40.01,4,3,Landfill,Russian Federation,
20240905,18:10:51,39.75,-80.55,17,9,Coal,United States,
20240906,09:23:11,37.09,61.47,98,34,Gas,Turkmenistan,
20240906,09:29:43,56.2,36.65,7,3,Gas,Russian Federation,
20240906,09:29:58,56.15,34.31,40,15,Gas,Russian Federation,
20240906,09:30:10,59.66,42.0,26,14,Gas,Russian Federation,
20240906,11:10:11,56.46,33.82,30,14,Gas,Russian Federation,
20240907,04:03:22,47.35,125.31,92,47,Landfill,China,
20240907,09:05:27,41.34,69.08,23,12,Gas,Uzbekistan,
20240907,10:51:15,56.35,36.81,6,4,Landfill,Russian Federation,
20240907,10:51:45,57.54,29.66,53,23,Gas,Russian Federation,
20240907,17:12:09,-34.53,-58.41,52,17,Landfill,Argentina,
20240908,08:45:30,36.57,61.55,40,13,Oil,Turkmenistan,
20240908,08:45:59,39.18,65.37,14,5,Gas,Uzbekistan,
20240908,08:46:28,41.3,69.08,53,20,Gas,Uzbekistan,
20240908,08:47:02,39.39,53.76,118,39,Oil,Turkmenistan,
20240908,10:32:24,56.37,36.78,5,3,Landfill,Russian Federation,
20240908,18:33:47,-34.44,-60.13,78,26,Landfill,Argentina,
20240908,20:34:20,32.52,-101.82,33,17,Oil,United States,
20240909,08:29:11,43.93,57.37,96,32,Gas,Uzbekistan,
20240909,08:33:11,60.64,60.41,46,29,Gas,Russian Federation,
20240909,10:06:07,31.2,49.02,81,42,Oil,Iran,
20240909,10:08:09,38.52,54.14,134,53,Oil,Turkmenistan,
20240909,10:13:46,57.76,38.11,45,19,Gas,Russian Federation,
20240909,13:29:53,33.28,-7.43,17,7,Landfill,Morocco,
20240909,13:31:42,40.07,-3.81,4,2,Landfill,Spain,
20240909,16:37:01,-23.34,-46.76,13,10,Landfill,Brazil,
20240909,18:35:54,38.17,-85.69,4,1,Landfill,United States,
20240909,18:36:07,39.25,-84.22,12,5,Landfill,United States,
20240909,20:15:15,31.85,-101.9,35,13,Oil,United States,
20240909,20:15:21,32.21,-101.87,20,14,Oil,United States,
20240910,04:24:14,-32.68,151.04,14,5,Coal,Australia,
20240910,08:08:35,37.38,61.89,93,31,Gas,Turkmenistan,
20240910,08:08:50,41.22,69.31,39,16,Gas,Uzbekistan,
20240910,08:11:25,51.76,75.7,9,4,Coal,Kazakhstan,
20240910,08:14:03,59.16,59.94,80,47,Gas,Russian Federation,
20240910,09:48:59,37.91,53.91,36,22,Oil,Turkmenistan,
20240910,13:12:50,40.05,-4.05,7,2,Landfill,Spain,
20240910,18:15:52,35.03,-78.69,11,6,Landfill,United States,
20240910,18:16:14,35.41,-80.71,11,4,Gas,United States,
20240910,18:16:45,37.23,-82.01,7,4,Coal,United States,
20240910,18:17:30,39.29,-84.57,5,3,Landfill,United States,
20240910,18:17:51,40.56,-85.36,16,5,Gas,United States,
20240910,18:18:15,41.1,-88.12,97,33,Gas,United States,
20240910,19:56:25,31.19,-103.62,17,5,Oil,United States,
20240910,19:56:26,32.2,-101.94,22,7,Oil,United States,
20240910,19:56:30,31.63,-103.75,25,11,Oil,United States,
20240910,19:56:39,32.42,-103.34,25,10,Gas,United States,
20240910,19:57:04,35.01,-95.13,12,10,Gas,United States,
20240911,09:29:54,37.5,61.36,112,49,Oil,Turkmenistan,
20240911,09:29:59,38.08,63.72,11,6,Oil,Turkmenistan,
20240911,09:30:07,37.9,53.78,46,30,Oil,Turkmenistan,
20240911,09:30:19,38.64,53.89,57,18,Oil,Turkmenistan,
20240911,17:58:35,39.6,-80.45,52,43,Coal,United States,
20240911,19:37:44,31.85,-101.76,34,14,Oil,United States,
20240911,19:38:17,33.32,-103.49,20,7,Gas,United States,
20240912,05:47:23,35.56,112.66,98,40,Coal,China,
20240912,05:47:58,37.89,113.26,154,48,Coal,China,
20240912,07:33:54,53.58,87.13,50,31,Coal,Russian Federation,
20240912,07:36:35,61.43,70.81,46,23,Oil,Russian Federation,
20240912,09:10:51,37.31,61.74,153,51,Gas,Turkmenistan,
20240912,09:10:56,37.74,63.94,40,12,Gas,Turkmenistan,
20240912,09:12:33,42.98,57.7,88,28,Gas,Uzbekistan,
20240912,09:15:36,53.41,53.54,62,20,Oil,Russian Federation,
20240912,09:16:05,55.46,54.8,37,13,Oil,Russian Federation,
20240913,03:30:27,-23.93,148.62,31,12,Coal,Australia,
20240913,07:15:07,54.1,87.11,37,14,Coal,Russian Federation,
20240913,08:52:03,37.41,64.19,43,15,Gas,Turkmenistan,
20240913,08:52:08,37.72,61.75,158,52,Gas,Turkmenistan,
20240913,08:53:50,42.86,57.11,158,50,Gas,Uzbekistan,
20240913,10:31:29,31.46,48.99,58,21,Oil,Iran,
20240913,20:42:39,36.44,-119.47,37,16,Landfill,United States,
20240913,20:42:57,37.42,-120.92,16,8,Landfill,United States,
20240914,08:33:16,37.61,63.93,37,12,Gas,Turkmenistan,
20240914,08:33:28,37.51,61.29,134,52,Oil,Turkmenistan,
20240914,08:38:02,53.11,53.65,34,10,Oil,Russian Federation,
20240914,08:38:06,53.34,53.48,33,11,Oil,Russian Federation,
20240915,06:40:22,61.9,74.09,33,16,Oil,Russian Federation,
20240915,06:41:11,65.45,75.57,7,3,Gas,Russian Federation,
20240915,08:15:09,39.68,64.58,51,17,Gas,Uzbekistan,
20240915,08:20:45,61.78,73.81,33,14,Oil,Russian Federation,
20240915,09:51:43,23.95,48.98,5,4,Gas,Saudi Arabia,
20240915,09:52:09,24.62,46.92,14,11,Landfill,Saudi Arabia,
20240915,10:01:52,57.57,29.48,61,27,Gas,Russian Federation,
20240915,18:23:37,39.26,-80.74,12,8,Gas,United States,
20240916,09:35:02,31.32,49.05,31,10,Oil,Iran,
20240916,09:41:37,54.23,40.3,44,18,Gas,Russian Federation,
20240916,17:43:35,-34.5,-58.61,28,12,Landfill,Argentina,
20240916,19:44:10,32.65,-101.76,74,29,Oil,United States,
20240916,19:45:33,37.76,-100.04,87,32,Gas,United States,
20240917,07:40:00,51.01,74.04,41,15,Landfill,Kazakhstan,
20240917,07:41:59,54.88,61.31,18,10,Landfill,Russian Federation,
20240917,07:43:28,62.08,63.86,60,29,Gas,Russian Federation,
20240917,09:16:30,31.28,48.5,36,12,Oil,Iran,
20240917,09:17:04,36.34,59.63,19,12,Gas,Iran,
20240917,09:17:05,36.41,61.93,14,8,Oil,Turkmenistan,
20240917,09:17:16,37.39,60.5,7,3,Gas,Turkmenistan,
20240917,09:17:26,37.94,63.64,39,22,Oil,Turkmenistan,
20240917,09:21:11,51.08,58.57,263,95,Landfill,Russian Federation,
20240917,09:21:26,51.72,56.24,440,155,Gas,Russian Federation,
20240917,09:22:10,53.82,52.67,58,21,Oil,Russian Federation,
20240917,09:22:16,55.01,61.79,18,10,Landfill,Russian Federation,
20240917,09:22:22,55.29,56.57,8,6,Oil,Russian Federation,
20240917,09:24:05,57.01,34.97,66,29,Gas,Russian Federation,
20240917,10:57:11,29.65,27.79,11,6,Oil,Egypt,
20240917,11:04:23,57.12,34.92,75,30,Gas,Russian Federation,
20240917,19:27:06,38.97,-99.55,70,26,Oil,United States,
20240918,07:21:26,51.56,75.07,44,15,Coal,Kazakhstan,
20240918,08:55:47,28.75,68.04,11,7,Landfill,Pakistan,
20240918,09:03:23,54.16,52.73,35,19,Oil,Russian Federation,
20240918,09:04:01,56.48,51.82,79,32,Gas,Russian Federation,
20240918,19:06:06,33.07,-86.92,33,17,Coal,United States,
20240918,19:06:40,34.7,-89.86,9,4,Landfill,United States,
20240919,07:02:37,54.11,87.42,46,34,Coal,Russian Federation,
20240919,07:02:50,51.62,75.04,53,19,Coal,Kazakhstan,
20240919,07:02:55,54.81,86.14,17,7,Coal,Russian Federation,
20240919,08:36:09,25.76,68.63,6,3,Landfill,Pakistan,
20240919,08:38:08,33.62,72.89,24,9,Landfill,Pakistan,
20240919,10:24:17,48.79,35.27,45,17,Coal,Ukraine,
20240919,10:24:35,50.46,39.23,49,18,Gas,Russian Federation,
20240919,20:30:58,41.51,-109.75,7,4,Gas,United States,
20240920,06:43:35,53.72,91.07,18,8,Coal,Russian Federation,
20240920,06:44:06,54.59,86.26,66,32,Coal,Russian Federation,
20240920,06:44:18,55.56,86.03,10,6,Coal,Russian Federation,
20240920,08:18:37,31.53,74.3,36,11,Landfill,Pakistan,
20240920,08:18:40,31.45,72.97,10,5,Landfill,Pakistan,
20240920,08:18:51,32.48,74.55,12,5,Landfill,Pakistan,
20240920,08:24:00,48.62,61.31,15,6,Landfill,Kazakhstan,
20240920,10:00:03,31.23,48.84,41,14,Oil,Iran,
20240920,20:09:11,32.38,-101.98,47,19,Oil,United States,
20240922,04:21:50,45.3,125.05,16,7,Oil,China,
20240922,04:22:05,46.81,125.52,45,18,Landfill,China,
20240922,06:00:47,37.88,113.57,97,42,Coal,China,
20240922,06:02:07,40.37,99.01,9,5,Coal,China,
20240922,07:46:28,51.7,75.48,59,22,Coal,Kazakhstan,
20240922,09:23:37,35.1,51.1,65,29,Gas,Iran,
20240922,09:23:42,37.41,60.55,18,5,Gas,Turkmenistan,
20240922,09:24:03,37.92,53.87,53,22,Oil,Turkmenistan,
20240922,09:24:14,38.5,54.36,40,24,Oil,Turkmenistan,
20240922,09:24:15,38.74,54.54,40,17,Oil,Turkmenistan,
20240922,09:24:35,39.72,53.96,138,81,Oil,Turkmenistan,
20240922,09:25:35,43.87,58.83,69,35,Gas,Uzbekistan,
20240922,09:26:03,45.34,55.07,5,2,Landfill,Kazakhstan,
20240922,11:09:24,49.98,18.63,8,8,Coal,Poland,
20240922,17:52:33,39.69,-80.22,24,20,Coal,United States,
20240923,03:43:50,-21.14,147.65,14,6,Coal,Australia,
20240923,04:02:30,40.92,121.53,52,18,Oil,China,
20240923,05:41:41,36.58,109.9,20,8,Coal,China,
20240923,05:41:51,37.91,113.66,144,71,Coal,China,
20240923,05:42:26,39.92,113.11,36,16,Coal,China,
20240923,09:04:36,36.55,61.48,23,9,Oil,Turkmenistan,
20240923,09:04:46,37.73,63.66,13,4,Oil,Turkmenistan,
20240923,09:04:51,37.66,61.42,43,29,Gas,Turkmenistan,
20240923,09:05:23,37.89,53.91,30,12,Oil,Turkmenistan,
20240923,09:08:48,49.79,49.42,322,102,Gas,Kazakhstan,
20240923,17:14:46,-23.61,-46.61,19,8,Landfill,Brazil,
20240924,05:22:28,35.55,112.66,97,31,Coal,China,
20240924,05:23:01,36.65,109.78,18,12,Coal,China,
20240924,05:23:03,37.75,113.59,112,49,Coal,China,
20240925,05:02:57,32.9,116.03,9,5,Landfill,China,
20240925,05:02:57,32.83,116.8,17,8,Coal,China,
20240925,05:03:26,33.78,113.38,22,7,Coal,China,
20240925,08:23:39,24.92,67.64,51,35,Landfill,Pakistan,
20240925,08:27:07,37.22,64.47,37,12,Gas,Turkmenistan,
20240925,08:27:21,37.68,62.76,212,69,Gas,Turkmenistan,
20240925,08:31:36,53.27,59.09,14,7,Landfill,Russian Federation,
20240925,10:07:57,35.19,40.66,65,23,Oil,Syria,
20240925,10:11:57,49.95,38.62,48,16,Gas,Ukraine,
20240925,10:11:58,48.49,33.18,235,88,Gas,Ukraine,
20240925,10:12:09,51.43,46.55,37,14,Gas,Russian Federation,
20240925,20:15:28,31.33,-103.33,53,23,Oil,United States,
20240926,04:46:52,45.17,124.79,13,4,Oil,China,
20240926,08:05:37,27.86,69.8,15,7,Gas,Pakistan,
20240926,08:12:38,51.25,57.39,53,23,Landfill,Russian Federation,
20240926,09:47:34,31.16,49.44,18,7,Oil,Iran,
20240926,09:49:28,38.68,54.4,77,27,Oil,Turkmenistan,
20240926,09:53:05,51.3,56.95,62,21,Gas,Russian Federation,
20240926,11:15:45,-16.16,33.68,10,5,Coal,Mozambique,
20240926,19:56:48,32.34,-101.82,25,15,Oil,United States,
20240926,19:56:53,32.26,-103.21,16,8,Gas,United States,
20240926,19:57:38,35.75,-99.49,8,3,Gas,United States,
20240927,09:28:57,31.12,49.57,54,21,Oil,Iran,
20240927,11:13:48,44.46,26.25,13,5,Landfill,Romania,
20240927,19:38:05,31.87,-101.84,47,25,Oil,United States,
20240927,19:38:21,32.94,-102.52,7,3,Oil,United States,
20240928,04:09:02,45.27,131.16,22,9,Coal,China,
20240928,09:07:28,24.93,68.15,109,41,Landfill,Pakistan,
20240928,10:51:08,32.02,36.0,10,4,Landfill,Jordan,
20240928,10:51:19,32.65,36.08,12,7,Landfill,Syria,
20240929,03:30:55,-23.01,148.57,20,11,Coal,Australia,
20240929,07:15:20,51.71,75.47,16,9,Coal,Kazakhstan,
20240929,08:49:22,27.93,69.77,7,4,Gas,Pakistan,
20240929,10:29:53,24.61,46.96,28,9,Landfill,Saudi Arabia,
20240929,12:12:23,28.2,21.22,32,10,Oil,Libya,
20240929,12:12:29,28.5,21.16,26,8,Oil,Libya,
20240929,13:55:21,33.42,-7.52,21,8,Landfill,Morocco,
20240929,20:40:54,31.59,-103.94,47,19,Gas,United States,
20240930,08:34:21,40.0,61.07,8,3,Oil,Turkmenistan,
20240930,08:37:56,53.4,58.75,3,3,Landfill,Russian Federation,
20240930,10:14:17,35.38,40.46,17,8,Landfill,Syria,
20240930,20:21:47,31.31,-103.12,32,14,Oil,United States,
20240930,20:22:50,35.19,-101.75,40,14,Gas,United States,
20241001,06:35:10,44.29,88.01,66,31,Coal,China,
20241001,06:35:49,45.36,85.02,64,25,Oil,China,
20241001,08:11:22,24.96,67.84,82,34,Landfill,Pakistan,
20241001,08:12:43,32.5,74.47,21,11,Landfill,Pakistan,
20241001,08:17:36,44.84,55.68,46,20,Gas,Kazakhstan,
20241001,08:18:05,51.72,75.51,29,9,Coal,Kazakhstan,
20241001,08:20:14,53.55,49.43,157,71,Landfill,Russian Federation,
20241001,08:20:29,58.12,57.9,20,12,Gas,Russian Federation,
20241001,09:54:54,35.04,51.63,32,21,Gas,Iran,
20241001,09:55:55,38.87,54.18,98,36,Oil,Turkmenistan,
20241001,09:57:45,44.88,55.65,77,28,Gas,Kazakhstan,
20241001,09:57:47,45.38,54.67,99,39,Gas,Kazakhstan,
20241001,09:59:57,52.43,43.94,203,81,Landfill,Russian Federation,
20241001,10:00:10,53.72,48.68,112,44,Gas,Russian Federation,
20241001,10:00:14,53.83,51.12,76,31,Oil,Russian Federation,
20241001,13:16:49,31.73,5.98,21,7,Gas,Algeria,
20241002,04:34:25,45.03,125.19,31,12,Oil,China,
20241002,06:13:17,36.65,107.92,63,29,Oil,China,
20241002,07:56:26,38.37,65.26,25,12,Gas,Turkmenistan,
20241002,07:56:43,41.41,68.78,76,44,Gas,Kazakhstan,
20241002,08:02:06,60.03,60.36,65,35,Gas,Russian Federation,
20241002,09:36:40,38.19,61.81,50,19,Gas,Turkmenistan,
20241002,09:37:32,41.31,61.27,56,21,Gas,Uzbekistan,
20241002,19:44:12,31.85,-101.83,55,21,Oil,United States,
20241002,19:44:17,31.59,-103.55,23,10,Oil,United States,
20241002,19:44:27,32.58,-101.88,52,20,Oil,United States,
20241003,05:53:24,33.74,113.36,34,11,Coal,China,
20241003,05:54:01,35.77,112.55,103,41,Coal,China,
20241003,05:54:31,37.63,110.84,68,24,Coal,China,
20241003,05:54:37,37.88,113.64,41,19,Coal,China,
20241003,07:40:12,51.68,75.52,43,14,Coal,Kazakhstan,
20241003,09:17:26,37.35,61.65,159,63,Gas,Turkmenistan,
20241003,17:46:31,39.68,-80.69,46,26,Coal,United States,
20241003,19:25:15,32.17,-93.94,16,13,Gas,United States,
20241003,21:08:17,37.4,-120.85,13,6,Landfill,United States,
20241004,03:56:45,45.85,131.0,9,5,Coal,China,
20241004,08:55:00,25.45,68.64,61,22,Oil,Pakistan,
20241004,10:38:41,32.03,36.0,4,2,Landfill,Jordan,
20241004,10:38:48,32.48,36.11,5,2,Landfill,Jordan,
20241004,10:39:19,35.14,41.01,32,13,Oil,Syria,
20241004,17:28:06,39.96,-80.31,69,40,Coal,United States,
20241004,19:07:43,35.92,-97.54,16,7,Gas,United States,
20241004,19:08:08,40.03,-80.3,78,44,Coal,United States,
20241005,08:43:42,51.2,58.36,2,2,Landfill,Russian Federation,
20241005,10:17:11,24.61,46.97,12,6,Landfill,Saudi Arabia,
20241005,11:44:39,-26.58,29.09,21,8,Coal,South Africa,
20241005,18:27:38,-34.83,-59.08,45,16,Landfill,Argentina,
20241005,18:48:29,37.63,-82.65,6,3,Coal,United States,
20241005,18:49:01,39.59,-80.5,37,18,Coal,United States,
20241005,20:28:16,31.86,-101.72,33,11,Oil,United States,
20241006,08:18:46,31.64,74.72,11,4,Landfill,India,
20241006,08:22:34,41.54,59.92,52,16,Gas,Turkmenistan,
20241006,10:00:16,31.41,48.83,18,9,Oil,Iran,
20241006,10:02:24,39.06,53.71,217,92,Oil,Turkmenistan,
20241006,10:03:35,43.51,52.83,42,20,Oil,Kazakhstan,
20241006,16:31:02,-23.69,-46.46,37,14,Landfill,Brazil,
20241006,18:30:09,40.01,-80.08,110,60,Coal,United States,
20241006,20:09:18,31.33,-103.79,71,23,Oil,United States,
20241006,20:09:28,32.33,-104.22,98,33,Gas,United States,
20241006,20:09:29,31.85,-102.34,42,13,Oil,United States,
20241006,20:09:34,32.54,-102.87,16,21,Oil,United States,
20241007,07:59:07,28.6,77.33,46,18,Landfill,India,
20241007,08:02:49,38.86,64.59,20,6,Gas,Uzbekistan,
20241007,08:02:55,41.12,69.35,56,22,Gas,Uzbekistan,
20241007,09:41:38,31.58,48.65,35,16,Oil,Iran,
20241007,09:41:44,32.85,51.69,18,6,Landfill,Iran,
20241007,09:42:51,37.39,61.52,78,29,Gas,Turkmenistan,
20241007,09:43:04,38.27,53.87,50,15,Oil,Turkmenistan,
20241007,09:43:13,34.99,40.56,23,9,Oil,Syria,
20241007,09:43:26,39.37,53.8,137,63,Oil,Turkmenistan,
20241007,09:44:23,42.88,59.17,28,9,Gas,Uzbekistan,
20241007,09:46:32,50.17,50.0,85,31,Gas,Kazakhstan,
20241007,11:22:27,28.39,20.84,36,18,Oil,Libya,
20241007,18:11:12,38.52,-82.52,21,10,Gas,United States,
20241007,18:12:07,41.72,-83.62,92,34,Landfill,United States,
20241007,19:50:36,31.98,-101.88,28,9,Oil,United States,
20241007,19:50:54,32.89,-104.39,20,11,Gas,United States,
20241008,04:02:24,-22.14,148.57,14,6,Coal,Australia,
20241008,04:02:32,-21.75,148.47,21,10,Coal,Australia,
20241008,04:02:36,-21.52,148.32,12,8,Coal,Australia,
20241008,04:21:56,45.14,125.19,9,4,Oil,China,
20241008,09:23:32,36.28,59.77,10,5,Gas,Iran,
20241008,09:23:43,35.48,51.34,45,18,Gas,Iran,
20241008,09:23:54,37.92,63.45,22,7,Oil,Turkmenistan,
20241008,09:24:02,38.2,62.24,65,23,Oil,Turkmenistan,
20241008,09:24:21,38.68,54.1,65,21,Oil,Turkmenistan,
20241008,09:24:39,39.54,53.73,103,31,Oil,Turkmenistan,
20241008,09:25:52,44.51,57.02,29,10,Gas,Uzbekistan,
20241008,09:26:14,45.47,55.09,559,179,Landfill,Kazakhstan,
20241008,09:26:26,46.22,54.53,265,86,Oil,Kazakhstan,
20241008,11:04:36,35.13,40.79,24,17,Oil,Syria,
20241008,17:52:19,37.57,-81.88,11,5,Coal,United States,
20241008,19:30:41,29.19,-95.69,42,20,Gas,United States,
20241008,19:31:55,31.84,-101.83,65,22,Oil,United States,
20241008,19:31:56,31.06,-103.82,50,20,Oil,United States,
20241008,19:32:28,35.25,-97.79,43,16,Gas,United States,
20241008,19:32:35,33.68,-104.5,59,20,Gas,United States,
20241008,19:32:39,33.75,-104.86,80,31,Gas,United States,
20241008,19:32:42,36.15,-98.41,24,9,Gas,United States,
20241009,04:02:52,45.41,131.44,23,9,Coal,China,
20241009,04:03:02,45.86,130.86,18,7,Coal,China,
20241009,07:25:40,45.5,84.81,20,13,Oil,China,
20241009,09:04:56,38.02,67.35,109,35,Gas,Uzbekistan,
20241009,09:05:06,38.44,63.34,14,5,Gas,Turkmenistan,
20241009,10:45:34,35.0,40.34,12,5,Landfill,Syria,
20241009,10:45:48,35.36,40.38,8,4,Oil,Syria,
20241009,19:12:56,32.63,-96.63,6,8,Landfill,United States,
20241009,19:13:24,32.33,-101.47,80,26,Oil,United States,
20241010,05:22:37,35.49,112.57,64,56,Coal,China,
20241010,05:22:45,36.21,113.05,34,18,Coal,China,
20241010,05:23:06,36.6,109.89,13,12,Coal,China,
20241010,08:43:06,27.96,69.8,7,2,Gas,Pakistan,
20241010,08:45:56,36.27,59.61,68,46,Gas,Iran,
20241010,08:46:07,37.93,63.53,38,18,Oil,Turkmenistan,
20241010,08:46:54,38.01,53.9,67,21,Oil,Turkmenistan,
20241010,08:47:05,38.79,54.53,139,68,Oil,Turkmenistan,
20241010,10:21:10,15.6,45.88,6,3,Oil,Yemen,
20241010,10:23:32,24.6,47.01,25,8,Landfill,Saudi Arabia,
20241010,10:26:06,33.43,44.7,17,6,Landfill,Iraq,
20241010,10:26:36,34.76,41.17,28,15,Oil,Syria,
20241010,18:53:51,34.16,-84.52,6,5,Landfill,United States,
20241010,18:54:42,37.43,-81.72,18,10,Coal,United States,
20241010,18:55:05,38.05,-88.51,10,5,Coal,United States,
20241010,18:55:19,38.93,-87.43,10,6,Coal,United States,
20241010,18:55:22,39.65,-80.31,73,38,Coal,United States,
20241010,18:55:22,38.72,-90.19,10,5,Landfill,United States,
20241010,20:34:26,31.34,-103.69,69,29,Oil,United States,
20241010,20:34:42,32.23,-103.87,37,14,Oil,United States,
20241011,05:04:09,36.06,112.91,38,14,Coal,China,
20241011,05:04:27,37.75,113.59,60,20,Coal,China,
20241011,08:24:55,30.49,71.38,11,5,Landfill,Pakistan,
20241011,08:27:19,36.97,62.36,81,27,Oil,Turkmenistan,
20241011,10:06:28,31.15,48.58,24,9,Oil,Iran,
20241011,10:07:33,35.18,51.78,26,15,Gas,Iran,
20241011,10:07:59,35.27,40.52,42,14,Oil,Syria,
20241011,10:11:23,48.65,50.41,37,13,Oil,Kazakhstan,
20241011,10:12:24,51.32,38.6,113,36,Gas,Russian Federation,
20241011,18:34:54,32.8,-86.84,13,5,Gas,United States,
20241011,18:35:10,33.64,-87.25,13,12,Coal,United States,
20241011,18:35:45,37.09,-82.36,8,3,Coal,United States,
20241011,18:36:19,39.55,-80.09,79,36,Coal,United States,
20241011,20:13:50,25.69,-99.53,80,25,Gas,Mexico,
20241011,20:17:01,36.9,-98.76,44,14,Gas,United States,
20241012,04:46:59,45.29,124.83,7,3,Oil,China,
20241012,08:05:40,27.85,69.79,21,7,Gas,Pakistan,
20241012,08:06:07,30.21,71.46,14,8,Landfill,Pakistan,
20241012,08:06:54,33.58,72.93,16,5,Landfill,Pakistan,
20241012,18:16:05,34.09,-80.81,14,7,Landfill,United States,
20241012,18:16:25,34.11,-84.14,10,5,Landfill,United States,
20241012,18:16:25,35.38,-80.6,11,6,Landfill,United States,
20241012,18:16:34,33.49,-87.25,12,8,Gas,United States,
20241012,19:56:44,31.3,-103.89,27,19,Gas,United States,
20241013,04:27:56,45.27,130.89,16,8,Coal,China,
20241013,06:07:48,39.55,106.65,23,16,Coal,China,
20241013,07:49:07,38.73,80.03,10,5,Oil,China,
20241013,09:29:04,31.22,49.06,79,29,Oil,Iran,
20241013,09:29:48,35.17,51.89,27,12,Gas,Iran,
20241013,09:30:34,38.53,54.27,142,54,Oil,Turkmenistan,
20241013,17:56:50,30.84,-82.06,39,22,Landfill,United States,
20241013,17:57:44,34.7,-81.63,14,8,Landfill,United States,
20241013,17:58:38,40.22,-74.69,33,21,Landfill,United States,
20241013,19:38:07,31.42,-103.13,30,26,Oil,United States,
20241013,19:38:11,32.63,-101.12,40,17,Oil,United States,
20241014,05:47:34,35.52,112.69,57,24,Coal,China,
20241014,05:47:45,36.09,112.73,73,29,Coal,China,
20241014,05:48:02,36.58,109.78,7,3,Coal,China,
20241014,05:50:12,42.76,101.1,16,7,Landfill,Mongolia,
20241014,09:15:44,51.71,47.36,39,16,Landfill,Russian Federation,
20241014,09:16:16,55.31,56.43,4,3,Oil,Russian Federation,
20241014,09:16:47,55.83,47.12,85,35,Landfill,Russian Federation,
20241014,10:51:07,31.93,36.26,7,5,Landfill,Jordan,
20241014,19:18:44,32.85,-86.9,21,12,Gas,United States,
20241015,05:28:19,33.93,113.39,26,12,Coal,China,
20241015,05:28:53,35.62,112.52,242,85,Coal,China,
20241015,05:29:21,37.3,111.0,52,29,Coal,China,
20241015,08:52:27,38.15,62.55,47,21,Oil,Turkmenistan,
20241015,08:54:43,43.56,52.23,72,28,Oil,Kazakhstan,
20241015,08:56:41,52.69,55.65,7,4,Oil,Russian Federation,
20241015,10:27:25,15.86,45.87,26,12,Oil,Yemen,
20241015,10:32:26,32.14,36.24,16,11,Landfill,Jordan,
20241015,10:32:52,35.08,40.71,10,8,Oil,Syria,
20241015,10:35:58,42.26,25.24,54,29,Landfill,Bulgaria,
20241015,19:00:10,32.22,-93.65,12,12,Gas,United States,
20241015,20:40:43,31.23,-103.68,36,25,Oil,United States,
20241015,20:40:55,31.92,-103.6,60,23,Oil,United States,
20241016,08:29:55,24.96,67.12,137,51,Landfill,Pakistan,
20241016,08:34:10,40.23,63.38,52,16,Gas,Uzbekistan,
20241016,08:37:58,53.45,59.2,8,3,Landfill,Russian Federation,
20241016,10:11:04,24.92,46.63,11,4,Landfill,Saudi Arabia,
20241016,10:12:34,30.66,49.84,78,24,Oil,Iran,
20241016,10:12:45,31.24,48.82,17,9,Oil,Iran,
20241016,18:21:34,-34.09,-59.66,79,28,Landfill,Argentina,
20241016,18:43:24,39.25,-94.74,21,8,Landfill,United States,
20241016,20:21:44,31.27,-103.85,29,17,Gas,United States,
20241017,06:37:55,54.64,86.11,42,17,Coal,Russian Federation,
20241017,08:14:39,38.07,67.32,165,70,Gas,Uzbekistan,
20241017,08:15:02,37.91,63.43,22,12,Oil,Turkmenistan,
20241017,08:15:23,41.04,68.69,34,31,Gas,Kazakhstan,
20241017,08:17:58,51.69,75.53,29,10,Coal,Kazakhstan,
20241017,09:55:46,38.6,54.09,90,37,Oil,Turkmenistan,
20241017,18:22:41,34.28,-84.41,5,4,Landfill,United States,
20241017,18:22:42,33.4,-87.26,29,15,Gas,United States,
20241017,18:23:44,38.14,-85.76,2,1,Landfill,United States,
20241017,18:23:45,39.65,-80.4,40,20,Coal,United States,
20241017,18:23:48,38.41,-85.75,2,1,Landfill,United States,
20241017,18:24:04,38.89,-87.37,7,4,Coal,United States,
20241018,06:18:36,53.58,91.01,11,8,Coal,Russian Federation,
20241018,06:19:13,54.55,86.14,20,12,Coal,Russian Federation,
20241018,06:19:36,55.25,83.38,55,21,Landfill,Russian Federation,
20241018,07:56:13,37.6,65.89,95,46,Gas,Turkmenistan,
20241018,07:59:03,51.72,75.44,23,7,Coal,Kazakhstan,
20241018,08:00:01,55.3,83.64,54,23,Gas,Russian Federation,
20241018,11:21:54,49.99,18.68,11,6,Coal,Poland,
20241018,11:22:33,53.74,27.73,18,10,Landfill,Belarus,
20241018,17:43:44,-34.66,-58.43,36,12,Landfill,Argentina,
20241018,18:05:06,39.93,-80.25,49,24,Coal,United States,
20241019,09:18:25,40.96,60.77,35,24,Gas,Turkmenistan,
20241019,10:58:20,35.37,40.35,40,14,Oil,Syria,
20241019,17:24:44,-35.33,-58.65,50,20,Landfill,Argentina,
20241019,17:46:32,39.88,-80.76,22,12,Coal,United States,
20241019,19:25:13,33.45,-87.26,26,14,Gas,United States,
20241020,03:37:27,-21.89,148.01,10,6,Coal,Australia,
20241020,07:21:30,51.71,75.51,42,15,Coal,Kazakhstan,
20241020,08:54:51,24.96,67.12,52,32,Landfill,Pakistan,
20241020,08:58:21,37.44,66.52,72,30,Gas,Turkmenistan,
20241020,08:58:29,38.09,67.36,89,40,Gas,Uzbekistan,
20241020,08:58:34,37.95,63.18,60,29,Oil,Turkmenistan,
20241020,08:58:47,38.89,64.73,15,6,Gas,Uzbekistan,
20241020,10:36:14,25.03,46.95,15,6,Landfill,Saudi Arabia,
20241020,10:39:12,35.15,40.62,54,18,Oil,Syria,
20241020,10:44:50,53.8,27.64,11,4,Landfill,Belarus,
20241020,17:27:57,39.61,-80.09,78,45,Coal,United States,
20241020,19:06:14,33.37,-87.2,35,18,Gas,United States,
20241020,19:06:25,34.29,-84.52,11,7,Landfill,United States,
20241020,19:06:28,32.18,-93.5,16,9,Gas,United States,
20241020,19:06:34,34.67,-86.52,6,3,Landfill,United States,
20241020,19:06:45,35.27,-87.05,5,2,Gas,United States,
20241020,19:06:51,34.57,-92.46,5,2,Landfill,United States,
20241020,19:08:01,39.69,-80.22,74,36,Coal,United States,
20241021,05:16:52,38.0,113.48,65,22,Coal,China,
20241021,08:36:05,25.01,67.07,100,45,Landfill,Pakistan,
20241021,10:17:11,24.55,46.29,19,7,Landfill,Saudi Arabia,
20241021,10:19:53,31.85,36.41,20,10,Landfill,Jordan,
20241021,18:47:29,33.47,-87.26,29,16,Gas,United States,
20241021,18:47:30,34.3,-84.44,8,4,Landfill,United States,
20241021,18:48:06,35.05,-89.93,6,3,Landfill,United States,
20241021,18:48:06,35.94,-86.39,3,3,Landfill,United States,
20241021,18:48:13,37.13,-82.39,7,4,Coal,United States,
20241021,18:48:20,37.6,-81.67,3,1,Coal,United States,
20241021,18:48:55,39.36,-84.52,7,3,Landfill,United States,
20241021,18:49:01,39.67,-80.35,61,25,Coal,United States,
20241021,20:27:48,29.25,-111.03,8,4,Coal,Mexico,
20241021,20:28:20,32.24,-101.93,87,28,Oil,United States,
20241021,20:29:22,35.61,-109.36,13,4,Gas,United States,
20241022,08:17:27,24.92,67.05,69,28,Landfill,Pakistan,
20241022,10:05:49,50.58,39.71,82,28,Gas,Russian Federation,
20241022,18:28:50,33.54,-87.34,26,16,Coal,United States,
20241022,18:29:02,36.22,-80.32,3,2,Landfill,United States,
20241022,18:29:09,37.05,-77.1,5,4,Landfill,United States,
20241022,18:29:24,37.17,-82.35,24,13,Coal,United States,
20241022,18:30:04,39.93,-80.57,114,58,Coal,United States,
20241022,20:09:05,31.2,-102.49,24,16,Oil,United States,
20241022,20:09:10,31.78,-101.93,12,6,Oil,United States,
20241023,04:39:42,39.33,116.54,156,74,Oil,China,
20241023,04:39:52,42.31,123.54,9,4,Coal,China,
20241023,06:19:10,35.61,112.84,76,27,Coal,China,
20241023,06:19:16,36.24,112.74,192,64,Coal,China,
20241023,13:03:10,28.61,7.61,9,6,Gas,Algeria,
20241023,18:10:19,33.61,-87.07,27,12,Coal,United States,
20241023,19:49:50,31.01,-89.17,25,10,Gas,United States,
20241024,04:22:13,46.6,125.0,25,8,Landfill,China,
20241024,06:00:09,35.71,112.45,106,37,Coal,China,
20241024,06:00:28,36.6,109.65,67,24,Oil,China,
20241024,06:00:39,37.36,110.96,97,56,Coal,China,
20241024,06:00:44,37.72,113.61,83,27,Coal,China,
20241024,09:20:00,24.86,66.85,125,39,Landfill,Pakistan,
20241024,09:24:24,40.13,62.88,6,3,Gas,Uzbekistan,
20241024,17:52:34,39.71,-80.21,43,20,Coal,United States,
20241024,19:30:40,30.22,-94.18,15,8,Gas,United States,
20241024,19:30:43,29.96,-95.26,34,12,Landfill,United States,
20241024,19:31:47,31.98,-102.48,409,127,Oil,United States,
20241025,05:41:14,35.71,112.48,83,30,Coal,China,
20241025,05:41:24,36.34,112.91,86,38,Coal,China,
20241025,09:01:03,24.86,67.32,138,44,Landfill,Pakistan,
20241025,10:45:30,35.27,40.56,69,22,Oil,Syria,
20241025,19:12:28,33.43,-87.09,34,17,Coal,United States,
20241025,19:13:03,31.11,-101.38,48,24,Oil,United States,
20241026,08:42:14,24.91,67.13,137,58,Landfill,Pakistan,
20241026,10:26:35,35.25,40.35,47,16,Landfill,Syria,
20241026,10:30:13,48.25,37.06,10,5,Gas,Ukraine,
20241026,12:07:02,28.64,6.89,17,7,Gas,Algeria,
20241026,18:53:38,33.61,-87.0,37,19,Coal,United States,
20241026,18:53:40,34.17,-83.94,17,9,Landfill,United States,
20241026,20:34:31,32.29,-101.84,34,12,Oil,United States,
20241027,08:21:31,19.12,72.87,79,28,Gas,India,
20241027,08:22:45,23.04,72.66,63,38,Oil,India,
20241027,08:23:32,24.89,67.14,155,48,Landfill,Pakistan,
20241027,10:07:53,35.33,40.35,17,7,Oil,Syria,
20241027,18:35:47,37.95,-82.06,8,3,Coal,United States,
20241027,18:36:13,39.66,-80.46,11,7,Coal,United States,
20241027,18:36:15,40.03,-80.27,17,8,Coal,United States,
20241027,20:15:19,31.21,-103.17,13,9,Gas,United States,
20241027,20:15:39,32.71,-101.46,214,78,Oil,United States,
20241028,04:46:03,42.43,123.56,9,5,Coal,China,
20241028,08:05:01,24.87,67.03,104,43,Landfill,Pakistan,
20241028,09:47:43,32.73,51.72,28,11,Landfill,Iran,
20241028,09:49:13,35.34,40.45,35,13,Landfill,Syria,
20241028,09:49:18,38.86,54.01,66,23,Oil,Turkmenistan,
20241028,17:56:04,-34.55,-58.62,68,23,Landfill,Argentina,
20241028,19:56:46,32.13,-103.93,55,18,Oil,United States,
20241029,09:26:19,25.03,67.28,69,29,Landfill,Pakistan,
20241029,09:29:34,36.21,59.77,13,7,Gas,Iran,
20241029,09:29:59,37.65,61.99,39,23,Landfill,Turkmenistan,
20241029,09:30:25,38.66,54.3,75,23,Oil,Turkmenistan,
20241029,09:30:38,39.4,53.81,100,40,Oil,Turkmenistan,
20241029,12:55:05,45.14,10.58,23,9,Gas,Italy,
20241029,17:37:16,-34.56,-58.52,58,19,Landfill,Argentina,
20241030,03:46:36,-32.6,151.02,35,19,Coal,Australia,
20241030,09:07:18,24.89,67.34,136,67,Landfill,Pakistan,
20241030,09:07:37,26.23,68.37,33,17,Landfill,Pakistan,
20241030,09:10:40,36.3,59.67,14,9,Gas,Iran,
20241030,09:11:02,37.57,61.96,43,14,Landfill,Turkmenistan,
20241030,09:11:21,39.22,65.59,16,7,Gas,Uzbekistan,
20241030,09:11:51,39.35,54.06,37,16,Oil,Turkmenistan,
20241031,05:30:08,39.91,106.55,18,8,Coal,China,
20241031,08:48:23,24.85,66.82,178,55,Landfill,Pakistan,
20241031,08:52:10,38.02,63.25,17,6,Oil,Turkmenistan,
20241031,08:52:51,40.96,68.75,51,36,Gas,Uzbekistan,
20241031,08:53:00,38.64,54.16,82,29,Oil,Turkmenistan,
20241031,12:17:08,45.13,10.68,16,7,Gas,Italy,
20241101,08:28:28,22.11,73.2,12,7,Oil,India,
20241101,08:28:46,22.78,72.6,12,6,Oil,India,
20241101,08:29:35,24.93,67.11,139,49,Landfill,Pakistan,
20241101,08:29:50,26.1,68.88,9,3,Landfill,Pakistan,
20241101,08:31:40,33.62,73.08,44,18,Landfill,Pakistan,
20241101,08:33:25,38.0,63.19,21,9,Oil,Turkmenistan,
20241101,08:33:26,37.62,62.0,35,20,Landfill,Turkmenistan,
20241101,11:58:28,45.28,10.71,56,23,Gas,Italy,
20241101,18:42:32,39.97,-82.11,18,9,Gas,United States,
20241102,04:51:40,37.71,113.42,113,36,Coal,China,
20241102,04:53:21,46.64,125.03,34,13,Landfill,China,
20241102,08:11:03,24.91,67.1,131,44,Landfill,Pakistan,
20241102,08:12:03,30.29,71.52,10,4,Landfill,Pakistan,
20241102,08:12:49,33.56,72.99,29,11,Landfill,Pakistan,
20241102,08:15:03,39.59,64.21,7,4,Gas,Uzbekistan,
20241102,09:49:52,15.67,45.9,38,15,Oil,Yemen,
20241102,09:53:56,32.78,51.89,15,14,Landfill,Iran,
20241102,09:54:34,35.17,51.59,48,23,Gas,Iran,
20241102,09:55:21,38.01,53.85,76,39,Oil,Turkmenistan,
20241102,09:55:42,39.49,53.67,110,45,Oil,Turkmenistan,
20241102,11:39:48,45.44,9.7,18,10,Gas,Italy,
20241102,18:23:33,39.94,-80.07,22,16,Coal,United States,
20241103,07:55:07,38.72,80.11,11,4,Oil,China,
20241104,09:14:07,25.28,55.44,18,7,Landfill,United Arab Emirates,
20241105,05:34:12,33.8,113.3,7,2,Coal,China,
20241105,08:54:29,25.01,67.12,121,46,Landfill,Pakistan,
20241105,10:35:49,24.83,46.77,28,10,Landfill,Saudi Arabia,
20241105,10:38:09,31.33,34.66,5,4,Landfill,Israel,
20241105,12:21:03,36.73,10.19,11,7,Landfill,Tunisia,
20241106,10:20:05,35.26,40.46,9,6,Landfill,Syria,
20241107,08:17:07,24.96,67.14,94,34,Landfill,Pakistan,
20241108,17:49:30,-34.59,-58.6,34,19,Landfill,Argentina,
20241109,04:01:55,-21.96,148.26,9,4,Coal,Australia,
20241109,07:43:27,40.86,72.07,6,3,Gas,Uzbekistan,
20241109,07:43:48,41.07,69.04,20,7,Gas,Uzbekistan,
20241109,09:19:40,24.93,67.12,100,62,Landfill,Pakistan,
20241109,09:23:18,37.6,61.65,83,28,Gas,Turkmenistan,
20241109,09:23:37,37.78,53.87,20,11,Oil,Turkmenistan,
20241109,09:23:37,38.68,63.82,36,12,Oil,Turkmenistan,
20241109,09:23:46,38.92,58.93,50,16,Gas,Turkmenistan,
20241109,09:24:06,39.33,53.78,195,62,Oil,Turkmenistan,
20241109,12:47:46,40.31,-3.66,23,10,Landfill,Spain,
20241109,17:30:35,-35.08,-58.54,54,18,Landfill,Argentina,
20241109,19:31:10,31.67,-101.36,79,26,Oil,United States,
20241109,19:31:25,33.98,-95.97,111,48,Gas,United States,
20241109,19:31:35,32.25,-104.12,70,33,Gas,United States,
20241110,03:43:11,-21.9,147.97,15,6,Coal,Australia,
20241110,05:40:16,33.8,113.38,28,11,Coal,China,
20241110,07:19:50,27.62,95.43,26,12,Gas,India,
20241110,09:00:41,25.07,67.3,118,48,Landfill,Pakistan,
20241110,09:04:08,36.27,59.71,26,12,Gas,Iran,
20241110,09:04:19,37.58,61.93,61,18,Landfill,Turkmenistan,
20241110,09:04:38,38.17,59.35,62,19,Gas,Turkmenistan,
20241110,09:04:52,37.78,53.97,50,15,Oil,Turkmenistan,
20241110,09:04:52,39.97,60.78,4,2,Gas,Turkmenistan,
20241110,09:05:24,39.36,53.8,106,34,Oil,Turkmenistan,
20241111,05:21:00,32.85,116.49,30,13,Coal,China,
20241111,07:00:49,27.31,95.33,29,19,Oil,India,
20241111,08:45:21,36.38,59.63,14,7,Gas,Iran,
20241111,08:45:31,38.02,63.67,9,4,Oil,Turkmenistan,
20241111,08:45:37,37.6,61.9,63,21,Gas,Turkmenistan,
20241111,08:45:49,39.68,66.84,37,19,Gas,Uzbekistan,
20241111,10:22:59,24.62,46.89,21,10,Landfill,Saudi Arabia,
20241111,10:26:01,34.79,40.36,4,2,Landfill,Syria,
20241111,12:10:36,45.35,10.19,32,22,Landfill,Italy,
20241111,18:54:59,39.53,-89.95,29,11,Coal,United States,
20241111,20:33:55,31.3,-103.02,64,26,Gas,United States,
20241111,20:35:35,37.27,-109.24,12,8,Oil,United States,
20241112,05:04:29,42.43,123.62,9,5,Coal,China,
20241112,08:22:10,22.66,72.45,9,6,Oil,India,
20241112,10:01:47,15.45,46.16,18,6,Oil,Yemen,
20241112,10:04:14,24.66,46.85,48,15,Landfill,Saudi Arabia,
20241112,13:21:40,6.44,6.88,28,19,Unclassified,Nigeria,
20241112,18:34:27,33.41,-87.21,20,10,Gas,United States,
20241113,04:46:11,45.17,131.04,33,23,Coal,China,
20241113,09:45:24,24.63,46.85,22,11,Landfill,Saudi Arabia,
20241113,09:48:42,35.23,40.62,28,13,Oil,Syria,
20241113,09:50:12,43.59,52.58,47,16,Oil,Kazakhstan,
20241113,09:50:34,45.05,56.08,64,20,Gas,Kazakhstan,
20241113,11:33:04,45.16,10.59,28,17,Gas,Italy,
20241113,17:55:34,-34.23,-58.35,63,35,Landfill,Argentina,
20241114,09:28:22,31.23,49.24,37,14,Oil,Iran,
20241114,09:29:43,38.5,60.79,22,8,Gas,Turkmenistan,
20241114,09:29:56,38.66,54.24,57,27,Oil,Turkmenistan,
20241114,09:30:12,39.4,53.76,77,25,Oil,Turkmenistan,
20241114,09:30:59,42.52,58.69,110,42,Gas,Turkmenistan,
20241114,12:51:02,31.93,5.98,19,7,Gas,Algeria,
20241114,19:37:35,32.64,-101.73,97,38,Oil,United States,
20241114,19:37:52,34.76,-97.59,7,2,Gas,United States,
20241115,09:06:56,24.93,67.1,24,7,Landfill,Pakistan,
20241115,09:10:37,37.65,61.74,60,20,Gas,Turkmenistan,
20241115,09:10:47,38.49,65.69,16,5,Gas,Uzbekistan,
20241115,09:11:15,38.68,54.22,84,25,Oil,Turkmenistan,
20241115,09:11:32,39.35,53.76,75,23,Oil,Turkmenistan,
20241115,09:11:36,41.42,68.24,69,20,Landfill,Kazakhstan,
20241115,10:45:40,15.39,45.69,16,7,Oil,Yemen,
20241115,10:51:20,34.95,41.2,44,20,Oil,Syria,
20241115,12:32:14,31.82,5.57,25,9,Gas,Algeria,
20241115,12:35:44,45.26,10.5,6,4,Landfill,Italy,
20241115,19:18:13,32.06,-93.72,8,4,Gas,United States,
20241115,19:18:38,32.69,-96.8,33,13,Landfill,United States,
20241115,19:18:59,31.46,-103.72,21,9,Oil,United States,
20241116,05:31:07,43.12,101.26,29,13,Landfill,Mongolia,
20241116,07:07:06,27.36,95.34,24,12,Oil,India,
20241116,08:51:32,36.55,61.54,31,13,Oil,Turkmenistan,
20241116,08:51:33,36.1,59.51,80,26,Landfill,Iran,
20241116,08:51:48,37.61,62.29,87,34,Gas,Turkmenistan,
20241116,10:26:49,15.47,46.04,11,5,Oil,Yemen,
20241116,10:30:38,29.6,47.96,34,16,Landfill,Kuwait,
20241116,12:13:47,31.97,5.75,17,7,Gas,Algeria,
20241116,18:59:30,33.54,-87.02,7,6,Coal,United States,
20241116,18:59:47,34.69,-86.6,2,2,Landfill,United States,
20241116,18:59:50,35.35,-80.69,10,7,Gas,United States,
20241117,05:10:09,37.85,113.64,61,22,Coal,China,
20241117,05:10:35,39.36,112.59,21,14,Coal,China,
20241117,05:10:48,39.4,110.5,4,3,Coal,China,
20241117,08:33:10,37.6,61.34,74,58,Oil,Turkmenistan,
20241117,08:33:45,40.27,63.21,14,8,Gas,Uzbekistan,
20241117,10:10:29,25.09,47.26,28,10,Gas,Saudi Arabia,
20241117,20:22:58,36.83,-108.16,24,15,Gas,United States,
20241118,06:29:42,27.3,95.37,41,16,Oil,India,
20241118,08:07:57,17.53,78.61,18,7,Landfill,India,
20241118,08:11:36,28.49,69.15,10,6,Gas,Pakistan,
20241118,09:51:59,25.22,46.84,13,6,Gas,Saudi Arabia,
20241118,09:55:19,38.62,54.22,79,25,Oil,Turkmenistan,
20241118,09:55:34,39.48,53.59,53,27,Oil,Turkmenistan,
20241118,13:18:55,40.29,-3.75,10,4,Landfill,Spain,
20241119,07:54:00,33.72,73.04,24,11,Landfill,Pakistan,
20241119,07:54:54,38.61,80.09,5,3,Oil,China,
20241119,07:56:43,45.32,84.95,37,12,Oil,China,
20241119,07:58:40,51.7,75.44,27,12,Coal,Kazakhstan,
20241119,09:36:42,39.23,53.97,219,73,Oil,Turkmenistan,
20241119,09:37:09,41.6,59.89,29,9,Gas,Turkmenistan,
20241119,19:42:06,25.67,-100.1,16,7,Gas,Mexico,
20241119,19:42:37,28.07,-99.65,26,10,Gas,United States,
20241119,19:43:31,32.2,-93.79,15,9,Gas,United States,
20241119,19:43:46,32.99,-94.61,17,9,Gas,United States,
20241120,04:15:24,46.02,125.64,32,13,Oil,China,
20241120,05:53:33,35.74,112.8,107,63,Coal,China,
20241120,05:54:01,37.87,113.51,80,34,Coal,China,
20241120,07:37:50,45.66,85.28,51,18,Oil,China,
20241120,09:13:25,24.85,66.71,145,46,Landfill,Pakistan,
20241120,09:17:55,39.38,53.84,166,56,Oil,Turkmenistan,
20241120,19:25:08,31.47,-101.78,28,11,Oil,United States,
20241120,19:25:08,33.43,-95.76,42,17,Gas,United States,
20241120,19:25:12,31.86,-101.77,39,18,Oil,United States,
20241120,19:25:18,33.95,-96.0,67,30,Gas,United States,
20241121,05:34:09,33.77,113.4,10,6,Coal,China,
20241121,05:34:43,35.63,112.36,43,25,Coal,China,
20241121,05:34:52,36.26,112.91,26,11,Coal,China,
20241121,05:34:55,36.47,112.11,46,15,Coal,China,
20241121,05:34:59,35.73,109.15,22,8,Coal,China,
20241121,05:35:47,39.54,113.12,45,20,Coal,China,
20241121,05:36:13,39.58,106.69,36,14,Coal,China,
20241121,07:13:37,27.34,95.31,36,17,Oil,India,
20241121,07:18:57,45.66,85.17,29,10,Oil,China,
20241121,08:52:47,19.5,72.8,24,14,Landfill,India,
20241121,08:59:04,38.65,54.26,81,25,Oil,Turkmenistan,
20241121,08:59:20,39.61,53.85,93,47,Oil,Turkmenistan,
20241121,19:06:39,33.81,-95.95,40,20,Gas,United States,
20241121,19:06:47,31.93,-101.62,64,27,Oil,United States,
20241122,05:16:30,37.17,112.16,45,23,Coal,China,
20241122,05:16:33,36.65,109.6,24,10,Oil,China,
20241122,05:16:36,37.75,113.75,155,76,Coal,China,
20241122,05:17:08,39.79,113.0,30,15,Coal,China,
20241122,06:54:48,27.35,95.44,32,18,Gas,India,
20241122,08:39:41,37.58,61.89,64,28,Gas,Turkmenistan,
20241122,08:39:45,37.52,60.71,100,38,Oil,Turkmenistan,
20241122,08:40:06,41.08,69.32,49,15,Gas,Uzbekistan,
20241122,08:40:37,38.69,54.35,80,26,Oil,Turkmenistan,
20241122,10:20:07,35.31,40.43,14,7,Landfill,Syria,
20241122,18:27:14,-34.81,-59.34,63,20,Landfill,Argentina,
20241122,20:28:10,32.45,-101.89,85,31,Oil,United States,
20241123,08:15:17,18.97,72.8,41,14,Gas,India,
20241123,08:20:35,37.99,67.57,100,38,Gas,Uzbekistan,
20241123,08:20:58,38.44,64.5,13,6,Gas,Turkmenistan,
20241123,08:20:59,37.52,61.56,60,23,Gas,Turkmenistan,
20241123,08:21:19,41.21,69.12,83,39,Gas,Uzbekistan,
20241123,09:59:52,30.85,49.66,49,16,Oil,Iran,
20241123,10:00:52,34.99,51.67,31,12,Gas,Iran,
20241123,10:01:26,34.91,40.5,43,21,Oil,Syria,
20241123,18:08:28,-34.8,-59.01,46,18,Landfill,Argentina,
20241123,20:07:14,25.61,-100.04,33,10,Gas,Mexico,
20241123,20:09:18,33.02,-101.5,67,25,Oil,United States,
20241124,07:55:42,17.47,78.57,14,5,Landfill,India,
20241124,08:02:02,38.03,67.29,103,53,Gas,Uzbekistan,
20241124,08:02:42,41.33,68.89,29,19,Gas,Kazakhstan,
20241124,09:42:16,36.53,59.42,32,23,Landfill,Iran,
20241124,09:42:37,35.09,43.75,35,11,Oil,Iraq,
20241124,09:42:45,37.9,53.97,32,12,Oil,Turkmenistan,
20241124,09:42:55,38.64,54.3,87,27,Oil,Turkmenistan,
20241124,09:43:11,39.4,53.78,97,35,Oil,Turkmenistan,
20241124,09:45:42,48.39,51.69,106,39,Landfill,Kazakhstan,
20241124,13:05:12,35.6,0.07,135,47,Landfill,Algeria,
20241124,18:08:26,28.78,-82.29,6,4,Landfill,United States,
20241124,19:46:57,20.52,-97.45,9,4,Gas,Mexico,
20241124,19:48:31,25.59,-100.05,27,10,Gas,Mexico,
20241125,09:19:54,24.86,66.73,84,29,Landfill,Pakistan,
20241125,09:23:13,36.16,59.57,24,14,Landfill,Iran,
20241125,09:23:37,37.74,61.56,45,17,Gas,Turkmenistan,
20241125,09:24:09,38.65,54.28,86,28,Oil,Turkmenistan,
20241125,09:25:35,43.56,52.22,113,37,Oil,Kazakhstan,
20241126,07:20:08,27.27,95.28,37,13,Oil,India,
20241126,09:00:58,24.76,67.29,132,52,Landfill,Pakistan,
20241126,09:02:42,30.04,61.0,61,32,Gas,Iran,
20241126,09:04:28,36.32,59.44,15,8,Landfill,Iran,
20241126,09:04:41,38.04,67.27,60,21,Gas,Uzbekistan,
20241126,09:04:44,37.63,61.92,95,33,Landfill,Turkmenistan,
20241126,09:04:47,38.01,63.34,16,5,Oil,Turkmenistan,
20241126,09:05:15,37.8,53.99,47,24,Oil,Turkmenistan,
20241126,09:05:26,38.52,54.18,42,13,Oil,Turkmenistan,
20241126,09:05:45,39.63,53.73,76,23,Oil,Turkmenistan,
20241126,10:39:55,15.84,45.68,16,5,Oil,Yemen,
20241126,19:13:02,31.99,-101.95,67,26,Oil,United States,
20241127,07:01:14,27.37,95.31,19,7,Oil,India,
20241127,08:42:25,25.92,68.65,14,5,Landfill,Pakistan,
20241127,08:42:53,27.89,69.81,11,6,Gas,Pakistan,
20241127,08:44:27,33.68,72.78,25,12,Landfill,Pakistan,
20241127,08:45:58,38.6,65.95,10,7,Gas,Uzbekistan,
20241127,08:49:36,50.7,59.25,39,14,Gas,Russian Federation,
20241127,10:21:01,15.83,46.26,15,6,Oil,Yemen,
20241128,08:22:50,22.98,71.89,14,6,Gas,India,
20241128,10:02:22,15.73,46.14,12,6,Oil,Yemen,
20241128,10:06:23,31.24,49.07,38,15,Oil,Iran,
20241128,10:07:49,35.06,40.65,19,11,Oil,Syria,
20241128,13:29:27,31.75,5.9,22,9,Gas,Algeria,
20241128,13:31:56,40.32,-3.59,10,10,Landfill,Spain,
20241128,20:11:57,19.55,-99.22,26,12,Landfill,Mexico,
20241128,20:17:07,36.85,-108.43,34,12,Coal,United States,
20241129,09:47:33,31.19,48.76,41,13,Oil,Iran,
20241129,09:49:18,34.87,40.98,23,10,Oil,Syria,
20241129,13:10:26,31.79,6.12,16,6,Gas,Algeria,
20241129,19:53:11,19.55,-99.19,40,13,Landfill,Mexico,
20241129,19:57:53,36.51,-101.05,37,13,Gas,United States,
20241130,06:08:53,42.99,101.19,23,8,Gas,Mongolia,
20241130,07:45:41,26.21,80.38,6,2,Landfill,India,
20241130,07:45:48,26.79,80.82,6,3,Landfill,India,
20241130,07:47:31,31.59,74.59,57,37,Landfill,India,
20241130,09:29:40,34.34,51.78,25,10,Gas,Iran,
20241130,12:44:26,5.17,6.39,69,47,Gas,Nigeria,
20241130,12:51:33,31.6,6.26,29,9,Gas,Algeria,
20241130,19:37:02,30.19,-93.14,26,13,Gas,United States,
20241130,19:37:53,33.42,-87.1,5,3,Coal,United States,
20241201,05:47:27,35.15,112.72,59,39,Coal,China,
20241201,05:47:35,35.55,112.62,103,41,Coal,China,
20241201,05:47:46,35.75,109.08,18,9,Coal,China,
20241201,05:47:52,36.71,112.22,88,76,Coal,China,
20241201,05:48:08,36.77,108.26,25,10,Oil,China,
20241201,05:48:11,37.67,110.6,63,45,Coal,China,
20241201,07:25:43,23.7,90.47,112,45,Landfill,Bangladesh,
20241201,07:27:07,26.73,80.95,4,2,Landfill,India,
20241201,09:07:29,24.84,66.65,58,36,Landfill,Pakistan,
20241201,09:11:49,38.64,54.2,61,20,Oil,Turkmenistan,
20241201,10:51:16,32.59,36.12,10,4,Landfill,Syria,
20241201,10:51:44,34.4,37.26,11,5,Gas,Syria,
20241201,10:51:53,35.04,41.05,36,13,Oil,Syria,
20241201,12:32:15,29.72,6.88,6,3,Gas,Algeria,
20241201,12:32:47,31.56,5.88,13,5,Gas,Algeria,
20241201,19:18:37,32.21,-89.07,12,7,Landfill,United States,
20241201,19:18:51,32.36,-93.46,24,11,Gas,United States,
20241201,19:18:56,32.28,-95.24,10,4,Gas,United States,
20241201,19:19:30,31.8,-101.6,83,37,Oil,United States,
20241202,05:25:30,23.22,113.36,16,11,Landfill,China,
20241202,05:29:24,37.98,113.72,54,21,Coal,China,
20241202,07:07:40,27.3,95.32,21,9,Oil,India,
20241202,07:07:44,27.49,95.78,7,3,Oil,India,
20241202,08:48:40,24.84,67.22,40,20,Landfill,Pakistan,
20241202,08:52:17,38.05,67.29,129,56,Gas,Uzbekistan,
20241202,08:52:44,39.72,66.87,8,5,Gas,Uzbekistan,
20241202,08:53:06,41.18,69.1,42,14,Gas,Uzbekistan,
20241202,10:33:02,35.08,40.73,25,15,Oil,Syria,
20241202,12:12:36,28.95,22.41,53,17,Oil,Libya,
20241202,18:59:18,30.82,-86.88,95,54,Gas,United States,
20241202,19:00:03,33.39,-87.19,14,9,Gas,United States,
20241202,19:00:46,33.0,-96.95,13,5,Landfill,United States,
20241203,05:10:11,35.46,112.55,83,71,Coal,China,
20241203,05:10:27,36.47,112.28,44,14,Coal,China,
20241203,05:10:45,38.03,113.33,66,27,Coal,China,
20241203,05:11:21,39.16,111.18,15,13,Coal,China,
20241203,06:48:53,27.32,95.38,36,14,Oil,India,
20241203,08:30:23,28.43,77.4,82,32,Landfill,India,
20241203,08:34:09,37.82,59.55,151,53,Oil,Turkmenistan,
20241203,10:08:39,15.55,46.04,6,4,Oil,Yemen,
20241203,10:14:18,34.93,41.23,21,12,Oil,Iraq,
20241203,18:40:49,31.13,-87.83,78,41,Landfill,United States,
20241203,18:41:53,35.44,-87.12,12,5,Gas,United States,
20241203,18:42:14,36.03,-88.91,8,3,Gas,United States,
20241204,06:30:16,27.34,95.34,16,6,Oil,India,
20241204,06:30:17,27.52,95.71,10,6,Oil,India,
20241204,08:12:24,30.2,71.48,20,11,Landfill,Pakistan,
20241204,08:12:30,31.48,74.38,29,15,Landfill,Pakistan,
20241204,08:15:14,37.57,61.83,75,42,Gas,Turkmenistan,
20241204,09:53:59,31.21,48.69,9,4,Oil,Iran,
20241204,09:55:02,35.29,51.29,20,12,Gas,Iran,
20241204,09:55:42,35.37,40.25,21,12,Landfill,Syria,
20241204,09:55:51,38.61,54.25,54,19,Oil,Turkmenistan,
20241204,09:56:09,39.38,53.78,56,27,Oil,Turkmenistan,
20241204,11:22:05,-16.14,33.77,16,6,Coal,Mozambique,
20241204,18:02:35,-34.55,-58.61,50,18,Landfill,Argentina,
20241204,20:02:57,31.21,-102.63,21,8,Oil,United States,
20241204,20:06:56,42.68,-114.47,10,6,Gas,United States,
20241205,06:15:19,43.03,101.38,24,10,Coal,Mongolia,
20241205,07:53:23,27.68,69.82,43,18,Gas,Pakistan,
20241205,07:54:32,33.68,73.04,25,11,Landfill,Pakistan,
20241205,07:55:29,38.8,80.01,16,6,Oil,China,
20241205,09:33:52,26.4,49.95,8,4,Landfill,Saudi Arabia,
20241205,09:34:52,29.14,47.94,15,6,Landfill,Kuwait,
20241205,09:36:35,37.52,61.94,124,40,Landfill,Turkmenistan,
20241205,09:36:50,38.15,53.96,78,36,Oil,Turkmenistan,
20241205,09:37:01,38.64,54.2,42,14,Oil,Turkmenistan,
20241205,09:37:19,39.7,53.71,34,16,Oil,Turkmenistan,
20241206,05:54:16,36.44,112.4,138,64,Coal,China,
20241206,07:32:04,21.66,83.18,26,16,Landfill,India,
20241206,09:13:56,24.84,66.72,78,36,Landfill,Pakistan,
20241206,09:16:51,32.78,51.92,24,18,Landfill,Iran,
20241206,09:18:13,38.65,54.24,48,17,Oil,Turkmenistan,
20241206,09:18:28,39.39,53.8,86,33,Oil,Turkmenistan,
20241207,07:13:03,22.44,88.05,29,11,Gas,India,
20241207,07:13:17,23.84,90.5,189,75,Landfill,Bangladesh,
20241207,08:56:26,30.15,71.48,18,8,Landfill,Pakistan,
20241207,08:57:22,33.43,72.8,26,11,Landfill,Pakistan,
20241207,10:36:20,24.61,47.01,18,6,Landfill,Saudi Arabia,
20241207,12:19:41,28.67,7.56,9,3,Gas,Algeria,
20241207,19:06:31,33.56,-86.82,16,7,Coal,United States,
20241207,19:07:02,35.45,-86.64,15,6,Landfill,United States,
20241207,19:07:09,36.17,-83.23,10,6,Landfill,United States,
20241208,05:17:37,39.74,113.0,16,10,Coal,China,
20241208,06:55:20,27.46,95.37,37,16,Oil,India,
20241208,10:17:28,24.63,46.88,26,10,Landfill,Saudi Arabia,
20241208,18:27:56,-34.11,-58.97,30,11,Landfill,Argentina,
20241209,06:36:36,27.35,95.4,23,7,Gas,India,
20241209,08:17:45,24.81,66.6,44,21,Landfill,Pakistan,
20241209,08:18:01,28.77,77.3,18,13,Landfill,India,
20241209,08:18:47,30.19,71.43,11,7,Landfill,Pakistan,
20241209,08:19:36,33.69,73.02,17,9,Landfill,Pakistan,
20241209,08:21:08,38.04,67.25,282,103,Gas,Uzbekistan,
20241209,08:21:48,41.26,68.73,22,16,Gas,Kazakhstan,
20241209,10:01:49,35.08,40.68,33,13,Oil,Syria,
20241209,13:15:54,5.2,6.28,33,24,Gas,Nigeria,
20241209,20:06:21,20.55,-101.11,16,6,Landfill,Mexico,
20241210,08:00:07,30.06,71.14,21,7,Landfill,Pakistan,
20241210,08:03:08,41.54,68.69,47,17,Landfill,Kazakhstan,
20241210,09:42:38,35.38,51.51,32,17,Gas,Iran,
20241210,12:57:09,5.48,6.52,61,27,Oil,Nigeria,
20241211,07:39:49,26.7,81.3,8,4,Landfill,India,
20241211,09:23:44,36.35,59.63,15,8,Gas,Iran,
20241211,09:24:00,37.59,62.36,95,37,Gas,Turkmenistan,
20241211,09:24:38,38.64,54.27,74,25,Oil,Turkmenistan,
20241211,09:24:50,39.38,53.77,126,40,Oil,Turkmenistan,
20241211,19:32:13,32.54,-101.38,114,44,Oil,United States,
20241211,19:32:22,34.36,-97.29,23,9,Oil,United States,
20241212,09:06:05,41.25,69.18,21,10,Gas,Uzbekistan,
20241212,10:42:14,21.93,39.19,33,11,Landfill,Saudi Arabia,
20241212,12:26:58,31.9,6.16,23,8,Gas,Algeria,
20241213,08:43:24,27.86,69.55,9,4,Gas,Pakistan,
20241213,10:21:24,15.49,46.31,16,5,Oil,Yemen,
20241214,06:42:58,27.41,95.68,19,9,Gas,India,
20241214,08:24:05,24.83,67.19,48,20,Landfill,Pakistan,
20241214,20:15:49,31.49,-102.26,7,3,Oil,United States,
20241214,20:15:59,31.72,-103.93,13,5,Oil,United States,
20241214,20:16:01,32.21,-102.0,6,6,Oil,United States,
20241215,04:45:49,36.37,114.23,16,8,Coal,China,
20241215,06:24:21,27.33,95.56,18,8,Gas,India,
20241215,08:02:34,17.5,78.7,40,17,Landfill,India,
20241215,08:03:26,19.24,73.0,16,11,Gas,India,
20241215,08:03:37,21.98,83.71,14,5,Coal,India,
20241215,13:13:33,40.38,-3.6,33,19,Landfill,Spain,
20241215,19:58:52,36.74,-108.05,16,9,Gas,United States,
20241216,06:06:23,33.68,113.57,11,6,Coal,China,
20241216,07:46:55,28.76,77.12,14,10,Landfill,India,
20241216,07:48:37,33.62,73.0,19,9,Landfill,Pakistan,
20241216,09:29:20,31.07,49.31,80,32,Oil,Iran,
20241216,17:38:03,-34.32,-58.68,69,30,Landfill,Argentina,
20241216,19:38:13,31.03,-101.82,25,12,Oil,United States,
20241217,05:47:28,33.76,113.37,16,7,Coal,China,
20241217,05:48:13,36.28,111.97,57,19,Coal,China,
20241217,05:48:40,37.81,113.82,95,28,Coal,China,
20241217,07:27:04,27.41,95.39,19,9,Oil,India,
20241217,10:46:46,15.59,46.03,39,13,Oil,Yemen,
20241217,10:51:26,31.94,36.21,16,9,Landfill,Jordan,
20241217,10:52:18,35.02,40.66,30,11,Oil,Syria,
20241217,19:19:55,31.47,-103.2,68,45,Oil,United States,
20241217,19:19:57,32.45,-101.75,137,72,Oil,United States,
20241218,05:29:49,37.99,113.29,26,9,Coal,China,
20241218,08:47:13,19.19,72.74,38,28,Gas,India,
20241218,08:52:47,37.58,61.83,61,55,Gas,Turkmenistan,
20241218,08:52:47,38.21,63.49,38,13,Oil,Turkmenistan,
20241218,08:52:53,38.7,65.89,46,15,Gas,Uzbekistan,
20241218,10:32:05,31.11,49.14,69,24,Oil,Iran,
20241218,10:33:27,35.35,40.4,24,11,Oil,Syria,
20241218,12:14:37,31.52,6.02,19,6,Gas,Algeria,
20241218,13:55:52,33.71,-7.43,15,6,Landfill,Morocco,
20241218,20:41:14,31.36,-103.56,19,6,Oil,United States,
20241219,06:49:14,27.04,94.93,13,6,Oil,India,
20241219,08:28:25,19.2,72.84,23,13,Gas,India,
20241219,10:13:09,31.08,49.45,31,12,Oil,Iran,
20241219,10:14:15,35.54,51.53,206,122,Gas,Iran,
20241219,10:14:39,35.13,40.91,16,8,Oil,Syria,
20241219,13:28:37,4.86,6.43,64,39,Gas,Nigeria,
20241219,20:22:18,31.28,-103.06,46,29,Gas,United States,
20241219,20:22:38,32.51,-101.11,147,79,Oil,United States,
20241220,08:12:52,31.33,74.26,12,7,Landfill,Pakistan,
20241220,08:13:35,33.68,72.8,31,12,Landfill,Pakistan,
20241220,09:54:26,31.41,48.48,35,11,Oil,Iran,
20241220,13:19:53,40.26,-3.59,32,15,Landfill,Spain,
20241220,20:03:27,31.3,-103.12,21,17,Gas,United States,
20241220,20:04:53,37.19,-99.78,38,12,Gas,United States,
20241221,06:13:12,34.87,113.29,41,18,Coal,China,
20241221,09:37:38,39.56,53.2,84,60,Oil,Turkmenistan,
20241221,12:51:05,5.0,6.4,35,19,Gas,Nigeria,
20241221,13:01:11,40.29,-3.63,14,7,Landfill,Spain,
20241221,19:43:42,28.74,-99.56,31,10,Oil,United States,
20241221,19:44:41,32.21,-102.0,44,21,Oil,United States,
20241222,09:14:17,24.86,66.64,32,21,Landfill,Pakistan,
20241222,09:17:03,31.12,49.41,52,20,Oil,Iran,
20241222,09:17:58,37.5,61.54,73,34,Gas,Turkmenistan,
20241222,09:18:00,37.52,60.05,74,26,Gas,Turkmenistan,
20241222,09:18:34,38.64,54.26,78,25,Oil,Turkmenistan,
20241222,09:18:52,39.38,53.82,158,50,Oil,Turkmenistan,
20241222,12:32:39,5.39,6.57,53,38,Oil,Nigeria,
20241222,12:39:34,31.64,5.76,8,3,Gas,Algeria,
20241222,12:42:35,40.3,-3.67,11,6,Landfill,Spain,
20241222,17:25:32,-34.43,-58.67,56,18,Landfill,Argentina,
20241222,19:25:45,33.58,-86.75,16,10,Landfill,United States,
20241222,19:26:26,33.16,-101.71,102,41,Oil,United States,
20241223,07:13:39,23.56,90.43,82,26,Landfill,Bangladesh,
20241223,07:14:31,27.39,95.35,15,6,Oil,India,
20241223,08:55:24,24.86,66.66,43,24,Landfill,Pakistan,
20241223,08:58:53,36.37,59.52,16,7,Landfill,Iran,
20241223,08:59:20,37.56,61.91,149,59,Landfill,Turkmenistan,
20241223,12:19:41,28.14,9.82,23,8,Gas,Algeria,
20241224,05:15:53,32.71,116.45,13,9,Coal,China,
20241224,06:54:33,22.28,91.77,13,7,Landfill,Bangladesh,
20241224,06:55:38,27.35,95.33,26,8,Oil,India,
20241224,08:40:10,38.01,67.3,99,56,Gas,Uzbekistan,
20241224,08:40:32,38.87,65.75,15,6,Gas,Uzbekistan,
20241224,10:21:06,35.22,40.44,31,10,Landfill,Syria,
20241224,13:45:12,40.2,-3.59,27,13,Landfill,Spain,
20241224,18:48:05,33.45,-87.27,20,10,Gas,United States,
20241224,18:48:15,35.15,-80.52,13,7,Landfill,United States,
20241225,08:21:12,38.66,79.85,25,9,Oil,China,
20241225,09:56:50,15.62,46.05,12,9,Oil,Yemen,
20241225,09:59:11,24.66,46.84,19,9,Landfill,Saudi Arabia,
20241225,10:02:27,35.38,40.27,49,20,Landfill,Syria,
20241225,10:04:00,43.21,52.44,49,16,Oil,Kazakhstan,
20241225,13:26:17,40.35,-3.57,10,5,Landfill,Spain,
20241226,06:18:23,27.55,95.6,11,7,Gas,India,
20241226,08:01:11,33.43,73.17,25,7,Landfill,Pakistan,
20241226,09:41:56,31.05,49.26,33,11,Oil,Iran,
20241226,09:43:33,38.05,53.96,49,20,Oil,Turkmenistan,
20241226,09:44:35,41.63,59.54,64,24,Gas,Turkmenistan,
20241226,13:04:08,29.54,6.72,8,3,Gas,Algeria,
20241226,13:04:47,31.83,5.99,43,15,Gas,Algeria,
20241226,13:07:31,40.36,-3.64,9,6,Landfill,Spain,
20241226,19:49:13,25.49,-99.74,15,11,Landfill,Mexico,
20241226,19:51:04,31.59,-101.13,69,27,Oil,United States,
20241227,09:24:26,37.61,61.99,53,18,Landfill,Turkmenistan,
20241227,09:24:36,38.01,60.8,206,67,Gas,Turkmenistan,
20241227,12:45:54,31.58,6.05,21,11,Gas,Algeria,
20241227,17:31:47,-34.58,-58.68,45,17,Landfill,Argentina,
20241228,05:41:47,35.14,112.52,74,26,Coal,China,
20241228,05:42:15,36.78,112.22,87,50,Coal,China,
20241228,05:42:19,36.07,107.89,19,8,Oil,China,
20241228,05:42:22,36.62,109.69,18,13,Oil,China,
20241228,07:19:37,22.31,91.75,24,11,Landfill,Bangladesh,
20241228,07:19:47,22.46,88.61,33,14,Landfill,India,
20241228,07:20:55,27.39,95.71,22,15,Oil,India,
20241228,09:01:49,24.82,66.65,84,37,Landfill,Pakistan,
20241228,09:01:57,25.48,68.42,20,11,Oil,Pakistan,
20241228,09:02:36,27.97,69.75,31,10,Gas,Pakistan,
20241228,09:05:13,36.37,59.43,56,40,Landfill,Iran,
20241228,09:05:38,37.74,61.73,130,50,Gas,Turkmenistan,
20241228,09:06:06,39.82,64.37,40,19,Gas,Uzbekistan,
20241229,07:00:29,21.66,94.63,5,2,Landfill,Myanmar,
20241229,07:00:51,22.25,91.81,67,26,Landfill,Bangladesh,
20241229,07:06:09,38.74,80.04,8,4,Oil,China,
20241229,08:43:39,27.95,69.8,17,7,Gas,Pakistan,
20241229,08:46:41,37.5,61.94,39,20,Landfill,Turkmenistan,
20241229,10:21:43,15.52,45.82,11,3,Oil,Yemen,
20241229,10:24:09,24.62,46.93,17,6,Landfill,Saudi Arabia,
20241229,10:27:15,34.61,40.15,38,20,Gas,Syria,
20241229,10:27:20,35.32,40.35,12,4,Oil,Syria,
20241229,12:11:45,45.23,10.83,14,5,Gas,Italy,
20241229,12:12:00,44.51,4.62,42,23,Landfill,France,
20241229,13:51:36,40.16,-3.86,8,6,Landfill,Spain,
20241229,20:35:11,31.91,-103.4,45,16,Oil,United States,
20241230,05:05:12,37.61,110.86,57,22,Coal,China,
20241230,06:39:19,13.75,99.96,20,7,Landfill,Thailand,
20241230,06:43:16,27.35,95.33,15,6,Oil,India,
20241230,08:24:24,24.81,67.25,53,25,Landfill,Pakistan,
20241230,08:26:15,33.71,73.05,22,7,Landfill,Pakistan,
20241230,08:26:28,34.01,71.59,13,8,Landfill,Pakistan,
20241230,10:08:10,35.11,51.85,46,30,Gas,Iran,
20241230,11:53:10,45.25,10.67,14,5,Gas,Italy,
20241231,06:24:39,27.39,95.37,18,7,Oil,India,
20241231,06:26:31,36.65,110.0,20,8,Coal,China,
20241231,08:03:44,19.18,72.85,22,11,Gas,India,
20241231,08:07:32,33.47,72.96,25,8,Landfill,Pakistan,
20241231,09:49:56,38.44,54.21,89,28,Oil,Turkmenistan,
20241231,11:34:36,45.26,10.64,37,21,Gas,Italy,
20241231,13:13:50,40.22,-3.77,15,9,Landfill,Spain,
20241231,19:55:29,25.43,-98.89,56,19,Gas,Mexico,
20241231,19:57:19,31.21,-103.32,39,16,Oil,United States,
